id,name,category,price
1,Senco Gold 22k 916 2 g Yellow Gold Bar,accessories,128.0
2,PC Jeweller 24k 995 2 gm Yellow Gold Coin,accessories,142.1
3,Baggit Womens Wallet  Large Pink,accessories,9.9
4,Jai Ambey Store Polyester Crossbody TravelOfficeBusinessMessenger Bag with Organiser inside36 x 28 x 12 cm,accessories,8.99
5,Vintage Fashion Handmade Genuine Leather Messenger Bag 9 Inch Gift Ideas Men Women Sale Dark Brown,accessories,25.99
6,BagsRUs Polyester 64 cms Black Travel Duffle DF125FBL,accessories,34.99
7,LMDLACHAMA 700 Ratti  625 Carat Certified Black Onyx Hakik Stone Panchdhatu Silver Adjustable Ring For Men And Women,accessories,28.9
8,Aaishwarya Layered Silver Coin Chain Boho Jewellery Chunky Curb Chain Thick Necklace Alloy,accessories,19.99
9,Calyrex Womens Utility Bag Nurse Bag Nursing Tote Bag Versatile and Fashionable with Lots Of Pockets,accessories,21.99
10,Joker  Witch Cherry Blossom Rosegold Watch Bracelet Stack for Women,accessories,54.99
11,PC Jeweller 22k 916 Yellow Gold Ring for Women,accessories,221.21
12,Chumbak Vintage Embroidered Crossbody Bag  Brown,accessories,25.95
13,Malabar Gold and Diamonds 22 KT 916 purity Yellow Gold Malabar Gold Earring ERSK3139B for Women,accessories,85.99
14,Desence Girls Solid Stylish Box Sling Bag,accessories,9.99
15,Peluche Sleek and Sexy  Matt Tie Pin for Men,accessories,13.96
16,Brado Jewellery Traditional Gold Plated Hand Meena 30inch Long and 18inch short Combo Of 3 MangalsutraTanmaniyanallapusa,accessories,9.99
17,ZAVERI PEARLS Antique Gold Tone Pink Stones Traditional Necklace  Earring Set For WomenZPFK9934,accessories,24.96
18,Butterflies Women Hand Bag with Wallet Combos,accessories,119.99
19,LACUM Metal and Leather Trishul Damroo Designer Unisex Bahubali Kada Bracelet for Men Women Boys  Girls LAC125KDA0X,accessories,14.99
20,ZAVYA Pure 925 Pure Silver Rose Gold Plated Set of 2 Anklets Foot Jewelry Gift for Women  With Certificate of Authenticit,accessories,41.98
21,MtechPremium Universal Car  Bike Key Holder Handwoven Key Chain Alloy Keyring  Small Size Lather,accessories,10.0
22,SPOTIC Synthetic Leather Elegant Classy Gold Chain Strap Trendy Travel Top Handle Handheld Hobo Unique Design Shoulder Sli,accessories,12.99
23,New Black Color Diamond Crystal Glass Analog Watch  for Girls,accessories,12.99
24,PC Jeweller 18k 750 Yellow Gold and Diamond Ring for Women,accessories,186.88
25,Clara 0925 Contemporary Sterling Silver Ring for Men,accessories,28.7
26,LONDON CREATION Blue Dial Silver Chain Strap Analog Display Watch Silver Chain Watch for Women Analog Watch  for Women,accessories,14.59
27,Hunky Dory Silver Barbell Magnetic NonPiercing Stainless Steel Earring Studs For Men Women Pack of 1,accessories,1.99
28,Mango star Womens Leather Handbag MS310 Black,accessories,9.99
29,PC Chandra Jewellers 18k 750 Rose Gold and Diamond Stud Earrings for Women,accessories,230.8
30,YOYOWING PU Synthetic Leather Womens Satchel Bag  Ladies Purse Handbag,accessories,15.99
31,NEUTRON Chronograph Analog White and Black Color Dial Women Watch  GC11959L10 Pack of 2,accessories,6.55
32,Romantic His and Hers Watches  fq102 Pair Hearts Wristwatches for Man Woman Ultrathin Leather Strap Crystals Index Bla,accessories,88.93
33,Glass Bangle Diamond Cutting Pattern Glossy Finished Bangle Women and Girls Fancy Designer Multicolor Kada Set BY HALLO LA,accessories,9.99
34,ACCESSHER Womens Copper Material Tilak Shaped Toe Ring  Gold,accessories,9.6
35,JAPZIYA Hanging Handbag Organizer 6 Pockets Foldable Hanging Purse Space Saver Storage Bag Holder for Storage Ladies Women,accessories,8.03
36,Hidesign Womens Leather Wallet Blue,accessories,29.95
37,Zouk Womens Handcrafted Multicolour Beach Sling Bag for Office and College Bag,accessories,37.48
38,Economical Store 91 Pack of 6 Round Coin Purse Tinplate Wallet Zipper Bag Pouch Earphones Storage Headphone Case Jwellery ,accessories,5.99
39,K Vajir Analogue Casual Black DialMulticolour Magnet Mesh Steel Strep Watch for Girls Pack of 2,accessories,8.99
40,PC Chandra Jewellers 14k 585 Yellow Gold and American Diamond Pendant for Women,accessories,66.17
41,Lavie Womens Frappe Party Sling Bag  Ladies Purse Handbag,accessories,25.99
42,Avsar 18K 750 Diamond Ring AVR423YAR,accessories,433.74
43,Caprese ORLA womens Satchel BRICK,accessories,59.99
44,MEENAZ Mens Valentine Stainless Steel Multicolor Black Silver Gold Piercing Kaju Clip on Bali Stud Ear rings set Earing Pi,accessories,30.0
45,Thrifty Tech Debit Credit ATM Metro Gym or Other RFID Cards Skin 3 Layer Matt for Front Side of CardSwipe Tap Swape H,accessories,4.99
46,PALAY Womens PU Leather Lady Long Wallet Large Capacity Purse Coin Button Clutch Bag Phone Bags with Zipper Coin Long Pu,accessories,9.95
47,UPBEAT Marvel Avengers Dr Strange Agamotto Gold Color Rotatable Keychain Car Bike Home Keychain and Keyring for Men Wo,accessories,3.99
48,PC Jeweller The Holde Heart 18KT White Gold and Diamond Ring for Women,accessories,266.74
49,HAMMONDS FLYCATCHER Genuine Leather Laptop Bag for MenOffice Bag for Men Brown  Fits Upto 16 LaptopMacBook Bag with ,accessories,99.99
50,ADISA Womens Girls Party Sling Bag with Gold Chain,accessories,14.99
51,AVSAR 14k 585 Yellow Gold Stud Earrings for Women,accessories,249.64
52,MY BLISS 36pcs Plain Velvet Bangles Set for Women Beautifully Crafted Stylish Bangles to Enhance an Extra Glimpse into Yo,accessories,4.99
53,Senco Gold 24k 995 10 gm Yellow Gold Coin,accessories,693.28
54,Caprese Womens Sling Bag White,accessories,20.0
55,NEUTRON Chronograph Analog Black and Yellow Color Dial Women Watch  G827L10 Pack of 2,accessories,6.69
56,SYGA 4 Digit Combination Padlock Security Padlock Luggage Travel Locks Code Lock with Alloy Body for Travel Suitcases L,accessories,5.5
57,KIAH 18KT Yellow Gold and Diamond Stud Earrings for Women,accessories,212.0
58,PC Jeweller The C Alphabet 18KT Yellow Gold  Diamond Rings,accessories,252.53
59,MIRAAYA GOLD DIAMOND RING IN 18KT IGI CERTIFIED,accessories,350.0
60,WRIGHTRACK Analogue Date Quartz Movement Stainless Steel Wrist Watch for Womens and Girls,accessories,24.99
61,Lavie Womens Hilite Duo Sling Bag  Ladies Purse Handbag,accessories,29.99
62,Fashion Frill Jewellery Heartbeat Pendant Stylish Rose Gold Swan Design Fashion Latest Layered Western Non Precious Base M,accessories,9.99
63,SPC 12pcs  10 ml Empty Plastic Cosmetic JarContainer for Eyeshadow Makeup Face Cream Lotion Lip Balm Body Butter S,accessories,6.1
64,PC Jeweller The Fahey 18KT Yellow Gold and Diamond Ring for Men,accessories,1205.11
65,AVSAR 14KT Yellow Gold Ring for Women,accessories,89.38
66,Senco Gold 18KT Rose Gold and Diamond Ring for Women,accessories,253.86
67,SIDHEM GEMS White Pukhraj Stone Original Certified 1025 Ratti 950 Carat Transparent Natural Colour Sapphire Gemstone,accessories,25.99
68,WILDLEATHER Pure Leather Shantiniketan Ethnic Printed Clutch MediumLCL11160204 SMALL BROWN,accessories,9.99
69,AVSAR 18k 750 White Gold and Diamond Stud Earrings for Women,accessories,223.1
70,Zeya Yellow Gold Ring,accessories,215.51
71,KASBA 24 Images Digital Projector Watch for Boys and Girls Watch Blue,accessories,3.99
72,NFW Canvas Shopping Bag with Double Handle Cloth Grocery Tote Bags Reusable Shopping Grocery Bags Foldable and Eco Frie,accessories,5.99
73,Melorra 18 kt Pristine White Diamond Pendant,accessories,332.34
74,University Trendz Stainless Steel Antique Cross Pendant Jesus Necklace for Unisex Adult Silver,accessories,9.99
75,MEENAZ Earrings for Women Girls Stylish Traditional Multicolor Meenakari Jhumka Gold Earring Set Round small Jhumki Earrin,accessories,20.0
76,myfriday Womens Small Leather Lightweight Crossbody Bag Grey,accessories,19.99
77,Knighthood Elegant Leaf Plant Suit Collar Lapel Pin Brooch for Unisex Black,accessories,9.99
78,A1 Gems Natural AAA Quality 725 Ratti 650 Carat Natural Certified Zambian EmeraldPanna Loose Gemstone for Men and Wom,accessories,58.99
79,Michael Kors Darci Analog White Dial Womens WatchMK4629,accessories,184.25
80,Schoidals Amethyst Rough Pendant Necklace Modern Boho Style Handmade Weave RopeWrapped Holder Natural GemstoneHealing C,accessories,12.0
81,US CROWN vegan PU Crossbody Bag for Women Designer Handbag Quilted 3 partition pockets Casual Small Crossbody Purse Larg,accessories,9.99
82,FOSSEL Women Full Black Lather Analog Watch,accessories,6.99
83,TOURTIER Passport and Vaccine Card Holder Cover Wallet for Travel Women  Men Black,accessories,5.99
84,GROOT Model Analog Black and White Color Dial Girls Watch  GCPL2GC98 Pack of 2,accessories,8.77
85,Nester Black Flowered Dial Leather Strap Analog Watch for Girls and Women Analog Watch,accessories,14.99
86,Anuj Sales 1025 Ratti 945 Carat Natural Ruby Stone Manik Ring Adjustable Panchdhatu Ring for Men  Women,accessories,29.99
87,Kytsch Metal Strap Couple Analog Wrist Watches for Men  Women Wedding Gifts Set Silver Dial Silver Colored Strap,accessories,4.99
88,Baggit Womens Ziparound Wallet  Large Blue,accessories,12.9
89,PEARLFIESTA Pearl Beaded Potli Bag HandbagWristletsClutches for WomenGirls with Pearl BeadsBead work for Parties Wed,accessories,29.99
90,M Men Style Hindu Lord Bajrangbali Hanuman idol Monkey God of Devotion Locket With Chain Grey Zinc Metal Necklace Pendant ,accessories,9.99
91,DLIEN Multipurpose Ultra Flexible Bungee Motorcycle Bike Luggage Elastic StrapRope with Metal ABS Hook 6 ft Elastic Bike ,accessories,3.99
92,PC Jeweller The Dhananya 22 KT Yellow Gold Earrings,accessories,757.29
93,Priyaasi GoldPlated Gold Pearls Jewellery Set for Women,accessories,73.31
94,1200 Ratti Irani Firoza Stone Original Certified Turquoise Stone for Women Natural Firoza Stone for Men,accessories,9.99
95,PALAY Wallets Purses for Women Girls Ladies Leather Cute Thin Travel Clutch Zipper Pocket Multiple Coin Card Holder For Gift,accessories,9.44
96,Daniel Klein Fiord Analog Light Blue Dial Womens WatchDK1132365,accessories,53.5
97,Jainkart Raksha Potli  Gomti Chakra Adjustable Bracelet Multicolor Pack Of 2,accessories,4.0
98,Nevis Women Synthetic Leather Stylish Trendy Fashion Shoulder Crossbody Slingbag,accessories,16.99
99,BL Fedput Lajward Stone Original  Natural Lapis Lazuli  Lajwart  Rantna  Pathar  Gemstone  Ring Size  Pendant Size,accessories,49.99
100,PC Jeweller 925 Sterling Silver and Solitaire Ring for Women,accessories,230.2
101,Cigar Humidor Solution 1 Pack 16oz Propylene Glycol Solution PG Solution For Humidifiers Humidor Accessories and Supp,appliances,32.48
102,Omkar Tailor Presser Feet for Hinged Invisible Zippers for Tailoring Sewing Machines Parts S518N,appliances,7.99
103,REDWIND Nylon Fridge Stand_Washing Machine Stand_Dishwasher Stand Heavy Duty Maroon Color Sanitization With Box Packing,appliances,7.99
104,Heart Home Disney Team Mickey Non Wovan Laundry Basket With Lid  HandlesCollapsibal MaterialDurable Stiched HandlesSiz,appliances,4.99
105,Kinsco Aqua Flame 15 Litre Active CopperRO  UV  UF  TDS Adjuster Pure Copper Water Purifier Dispenser Machine With Fr,appliances,200.0
106,AGARO Fiesta Bread Maker Atta Dough Maker Fully Automatic12 PreProgrammed Menus 3 Crust Colours 1 Hour Keep Warm Fu,appliances,99.99
107,Luminous Mojo Plus Pedestal Fan 400 mm White,appliances,24.3
108,TYGER 2000W Immersion Water Heater Rod ISI Certified Material Copper With Nickel Plating Shock Proof Immersion Rod Water,appliances,9.99
109,Fan Crompton Alphabriz 1200mm 3 blade white,appliances,35.99
110,POLSTAR Lehar 225mm High Speed Fan RedBlack With 100 Copper Motor,appliances,35.2
111,chetanoring Assortment ORing Samples Mix kit seals washer Trial sealing solution pump compressor car cycle toys tap plumb,appliances,3.99
112,Blue Star CHF500 Double Door Deep Freezer 484 L White,appliances,445.0
113,Generic Portable Evaporative Air Cooler Fan Cooling Air Conditioner Humidifier Green,appliances,62.75
114,Paper Filter  02  White 100 Paper,appliances,4.75
115,AQUA DOVE Inline Filter Set Quick Fit Push in for All Water Purifier,appliances,13.5
116,Aqua Active Water Saver Mineral ROUVMF wall mountedCounter top White Grey 10L Water Purifier,appliances,260.0
117,Blue Star 20 Ton 3 Star Inverter Cassette SAC Cool Only ID324MATUR1 AC Copper Multiple,appliances,1098.0
118,woopme Blue Flower Ceiling Fan Blade Stickers for Living Kids Couple Bedroom Home Office Decor Vinyl Printed Fan Leaf Deca,appliances,6.99
119,Sharp 600W TableTop Bread Maker with Fully Automatic Function 12 PreProgrammed Menus and Adjustable Browning 15LBGre,appliances,129.0
120,Raptor Air Conditioner Motor 95 watt 910 RPM Window Unit RA 268,appliances,29.5
121,Panasonic 15 Ton 3 Star Hot and Cold WiFi Inverter Smart Split AC Copper 7 in 1 Convertible with additional AI Mode T,appliances,614.0
122,Akua Beat Body Protective Cover for Hindustan Unilever Pureit Vital Max ROUVMP Model Water Purifier Blue,appliances,7.99
123,Bosch TrueMixx Style 1000Watt Mixer Grinder with 3 Jars White,appliances,97.3
124,YFXOHAR Manual Coffee Grinder Adjustable Ceramic Burr Mill Portable Hand Stainless Steel Coffee Grinder,appliances,8.99
125,HILLSTON Microwave Oven Glass Cooking Turntable TrayPlate Microwave Oven 125 inch315 cm315 mm Diameter Compatible ,appliances,14.9
126,The Artsy Activated Carbon Faucet Water Filters Universal Interface Home Kitchen Faucet Tap Water Clean Purifier Filter Ca,appliances,9.99
127,ANY TIME Round Non Woven Cotton Foldable Laundry Storage Bag With Handles 45L Grey,appliances,4.59
128,ALMONARD 80W Wall Fan Ivoryblack,appliances,61.8
129,Kuvings Nutri Blender PRO Ferrari Red Powerful 1000 Watts Motor Longest Warranty 7 Years MixerGrinderSmoothie Maker ,appliances,212.49
130,Akiba Auto Cool Solar Powered Ventilation Fan Keeps Your Parked Car Cool Multi Colored Color May Vary 1 pcs,appliances,7.99
131,LEONARD USA 52 L Inverter Toughened Glass Door Mini Fridge with LED Interior Light  Temperature Control for Home Office ,appliances,219.9
132,Cafe JEI Pour Over Coffee DripperStainless Steel Reusable Drip Cone Coffee FilterPortable PourOver Coffee MakerPaperles,appliances,22.0
133,senstek Winner 100kg Weight Scale Weight Machine Tarazu Electronic Kata Electric Kata For Shop Kirana Store Makai Corn Man,appliances,99.99
134,Vision Appliances Wooden Aroma Diffuser Air Freshener Humidifier with LED Night Light for Car Home and Office Multi Colo,appliances,8.99
135,DREAM CARE Front Load Washing Machine Cover Suitable for IFB 8 Kg 85 Kg 9 Kg Waterproof  Dustproof 66cms X 66cms X 87,appliances,12.99
136,HomeShield  EXHAUST FAN  225 mm 9 inch  High Speed  Copper Winding  Plastic Blade  Matte black,appliances,19.99
137,PARTHVI Car Washer Repairing Kit Oil SealFilter Set O Rings Plastic Ring,appliances,5.99
138,Classic Top Load Washing Machine Cover Suitable for Samsung Back Panel 62 Kg 65 Kg 70 Kg 72 Kg 75 Kg 55cms X 55,appliances,9.0
139,Eureka Forbes Trendy Wet and Dry DX1150 Dust Bag,appliances,8.0
140,Havells Instanio 3Litre 45Kw Instant Water Heater Geyser White Blue Wall Mounting,appliances,41.64
141,OTTOMATE Smart Shield Ceiling fan with Mosquito Repellent Smart BLDC with Remote Angel White Pack of 1,appliances,65.99
142,Tech Johnson Heavy Duty Universal Split Air Conditioner Ac Outdoor Unit Wall Bracket For 08 Ton To 20 Ton,appliances,14.99
143,CAZAR 8m Car WasherPressure Washer Hose Pipe Size M22 Connector Compatible with JPT StarQ Ballorex Vantro Btali 1,appliances,15.0
144,VARSHINE  Fan Heater  Heat Blow  Noiseless Room Heater  ModelPL111 19875,appliances,16.99
145,AMPEREUS 5 Cowl Cover for Kitchen Chimney Exhaust Duct Pipe,appliances,3.99
146,Runbugz Activated Charcoal Air Purifiers Dehumidifier for Home Car Wardrobe Fridge Shoe Rack Bathroom Kitchen Mediu,appliances,4.99
147,12 Volts DC Oscillating Portable Fan Directly Run Through Solar Panel or Any 12 Volts Battery Car Interior Fan  Blue 1 Piece,appliances,4.99
148,Esspy Deluxe Heavy Quality IronCI Casting Bid Puri Maker Press  Dough Press  Roti Press  Chapati Machine Press  Rot,appliances,19.99
149,Electric Heater Thermostat Floor Heating System Rotate Button Simple Operation House Thermostat for Civil Buildings Heating,appliances,33.36
150,4L Mini Refrigerator Economical and Environmentally Friendly Car Refrigerator Easy to Operate Low Energy Consumption for ,appliances,253.97
151,Concord 4 Slice Sandwich MakerToasterGriller Jumbo Grill 2000 Watts  Opens 180  Temperature Controller  Oil Drip T,appliances,59.9
152,6 Inch Aluminium Flexible Exhaust Pipe for Chimney Extended Upto 6 Feet Free Cowl Cover,appliances,19.9
153,GWAN H TECH India Ro Service Kit Membrane80 GPD UV BARREL  UV TUBE Active COPPER Mineral Filter Cartridge All Type Of ,appliances,22.99
154,New Ware Top Loading Fully Automatic Washing Machine Hose PVC Washing Machine Fill Connector Inlet in Hose Pipe Tube Con,appliances,3.69
155,DALUCI 4 Pcs Premium Refrigerator Stand Washing Machine StandFurniture Base Stand Fridge Stands for Single Door and Do,appliances,4.99
156,ILIFE V5s Pro with App WiFi Smart 2in1 Robotic Vacuum Cleaner and Water MoppingAlexa  Google Home Enabled Slim Aut,appliances,270.0
157,WELLON Black Float Switch Zippy Replacement 3T Push Button Micro Switch Suitable for All Types of RO Water Purifier System,appliances,7.65
158,VR Smart Plastic Measuring Spoon and Cup Set 8Pieces Black Pack of 1,appliances,0.89
159,Car Mini Refrigerator Compact and Portable Food Grade Low Noise Thickened Inner Liner car Refrigerator for Automobile,appliances,140.18
160,Raptor Air Conditioner Motor 25 watt 1350 RPM Indoor Unit RA 408,appliances,20.0
161,Baijnath Premnath DM3 500g x 001g 10mg Digital Jewellery Weighing Scale Gold  Silver Ornaments and Laboratories Weig,appliances,29.99
162,SHREE Chest Freezer Single And Dabble Door Hard Top Use For Home And Restaurant Frz_001,appliances,430.0
163,Wonderchef Nutriblend Mixer Grinder  Blender  Powerful 400W 22000 RPM motor  Stainless steel Blades  2 unbreakable j,appliances,50.0
164,Care N MadeSpun Filter Candle  PP Spun Cartridge  Pre Filter  Outer Filter Candle  5 Micron Pre Filter 10 PP Spun Fi,appliances,6.99
165,Philips HL1618HL1643 Chutney Jar Assembly,appliances,9.99
166,Candes Star 1200mm48 inch High Speed Antidust Decorative 5 Star Rated Ceiling Fan 405 RPM with 2 Yrs Warranty Silver Bl,appliances,23.49
167,Liberty Home Ups Cabinet Inverter Black Battery Trolley Strong  Convenient  5 Wheels  MCB Locks  Unmatched Strength  ,appliances,29.99
168,Hestia Appliances  NutriMax Cold Press Juicer with Long Warranty 240 Watts Powerful Motor 3 Strainers Korean Technolo,appliances,239.9
169,HINCAVO Exhaust Fan GR 6incha HIGH SPEED Ventil Air OFFICES for Kitchen  Bathroom Material  Aluminium 6 inch,appliances,12.0
170,BAJAJ VACCO Electric Coil Hot Plate 2000 Watt PC with Regulator HPC07 Long Body,appliances,24.0
171,Riya Handloom Jute Planter PotsStorage laundry Basket with handleMultiPurpose use keeping clothes toys for Bathroom Liv,appliances,14.99
172,PUSHKART Junior Wall fanTable fan High Speed 12 inch 3 Blade Wall fanTable fan Speed Control All Purpose WallTable fan,appliances,16.99
173,Heart Home Waterproof Round Non Wovan Laundry BagHamperMetalic Printed With HandlesFoldable Bin  45 Liter CapicitySiz,appliances,1.99
174,Fan Guard Ring Outer for Table Fan 11 inch Width 13mm White Colour,appliances,5.0
175,FACTCORE Refrigerator Top Cover and Fridge Mats Blue Leaf,appliances,5.99
176,BRIGREL Mini Fan  Portable Dual Bladeless Small Air Conditioner Water Air Cooler Powered by USB  Battery Random Colour,appliances,6.99
177,Lithara Printed Waterproof Microwave Oven Cover for LG 28 Litre Convection Microwave Oven MC2846BCT  Sams71 Multicolor,appliances,7.99
178,tap for kent and all kind of rouvuf purifier,appliances,1.99
179,ANSHEZ Small Barbeque Grill Stand For Gas Stove  Gas Tandoor Grill For Home  Foldable Chhota Tandoor with 2 Skewers  1,appliances,5.99
180,Venus Magma Plus 15GH 15Litre Storage Water Heater WhiteBEE Star Rating  4 Stars,appliances,116.5
181,Preethi RC 320 A18 1800 ml Double Pan Rice Cooker White 18 Liters,appliances,39.29
182,Litost  Water Geyser Heating Coil Element for Geyser 2 KW2000Wt TIKONA SHAPE TIN COPPER,appliances,14.88
183,Payflip Chill Tray Suitable For Videocon SingleDouble Door 165 To 180 Ltr Fridge Fridge Door Shelf,appliances,14.67
184,Usha Bloom Magnolia 1250mm wattage 78 Goodbye Dust Ceiling Fan with Anti Dust FeatureSparkle Grey and Blue,appliances,37.75
185,Bajaj Flora 1Litre Instant Water Heater,appliances,46.7
186,VENUS Sigma BLDC Fans SCD1200 Ceiling Fan 1200MM Brown,appliances,40.0
187,VARSHINE White Cabin Fan Office Fan 9 Inch 225 MM 100 Copper Motor High Speed  1 Year Warranty  HSLV Technology  Ma,appliances,14.99
188,Gramtech 50kg x 2g Weighing Scale Weight Machine for Shop Factory and Other Uses 01,appliances,79.99
189,Orient Electric PP Plastic 225 MM Zippy Table Fans BlueWhite,appliances,21.2
190,Samsung 65 Kg 5 Star Inverter FullyAutomatic Top Loading Washing Machine WA65T4262FSTL  Silver Wobble technology,appliances,239.0
191,doctorspare Original Lint Filter for Whirlpool Semi Automatic Washing Machine 2 Pieces Set,appliances,2.99
192,Luminous PetalAire 600mm High Speed Ceiling Fan for Home and Office 2 Year Warranty White,appliances,31.4
193,Rzone Wall Mount Outer Fit Housing Bowl 12 With Pre FilterSpun Filter 10  2 Connectors For All Domestic Water Puri,appliances,5.0
194,JM Homefurnishings Heavy Duty Waterproof and dustproof Dishwasher Cover for IFB Neptune VX Protect Your Dishwasher Now,appliances,9.99
195,Generic Heating Element for Geyser with ISI Mark 2 KW  2000Wt TriangleTikona Shape grey,appliances,5.99
196,Bajaj Blow Hot 2000 Watts Fan Heater  WhiteBlack,appliances,24.99
197,Airga 3in1 Shampoo Foam Spray Gun High Pressure for Washing  Cleaning with 1000 ml Tank 1 L Tank Sprayer,appliances,29.99
198,Almonard 18 450MM MARK II WALL FAN Black,appliances,55.0
199,Crompton Greaves 400 Watts Industrial Exhaust Fan Multicolour 18inch,appliances,65.2
200,RSNR Gas Geyser Inline Sensor with Magnet Sold by RSNR Match  Buy,appliances,5.99
201,Ride Adventure Rear Mudguard Splash Guard for All Bikes,car & motorbike,25.99
202,Pitzone GF_x Car Mat DustproofWaterproofFoldable Strong  Thick Compatible with Tata Harrier Set of 3 pcs,car & motorbike,52.5
203,AR and Traders Back Seat Rest Foam for Royal Enfield Classic Standard and Electra Black,car & motorbike,5.99
204,Automart Car Mud FlapGurad Compatible With Honda City ZX 20032008 Set Of 4 Pcs,car & motorbike,10.0
205,PROODOS Car Accessories 3r Blind Spot Mirror For Car With Adjustable Swivel Pack Of 2  Side,car & motorbike,9.99
206,Yamalube Optima Scooter 10W40 4 Stroke Scooter Engine Oil 800ml 90793AD40700,car & motorbike,3.55
207,Truwax Rubbing Compound 200g,car & motorbike,1.75
208,SENA 10C EVO Motorcycle Bluetooth Camera and Communication System,car & motorbike,1047.57
209,Autofasters Puzzle Car Steering Wheel Knob WheelMulti Color,car & motorbike,5.99
210,Autofact 100 Waterproof Car Body Cover Compatible with Maruti Baleno New 2022 Including Mirror and Antenna Pockets Gre,car & motorbike,39.99
211,Autofact Car Body Cover for Tata Nexon with Mirror and Antenna Pocket Light Weight Triple Stitched Heavy Buckle Bottom,car & motorbike,19.99
212,PROBEROS Motorcycle Goggles for Men Women with Detachable Mask UV Protection MotorcycleBike Goggles Skull Style Full C,car & motorbike,5.98
213,BuyBack Polyester Bandana Bikers Motorcycle Riding Reuseable Neck Face Mask Multicolour Without Valve Pack of 6 for Un,car & motorbike,8.99
214,Auto Spare World Finger Guard Chrome Bowl Compatible With Maruti Suzuki WagonR 2019 Set of 4 Pcs,car & motorbike,8.0
215,Royalrider Motorcycle  Scooter Air Filter Compatible for Honda CBR 250,car & motorbike,4.99
216,HEMSKAR Presents Water Resistant  All Weather Protection Car Cover Without Mirror Compatible with Tata Nexon Variants Re,car & motorbike,19.99
217,WEON  Loudness Hi Filter Kit for Bass Treble Boards Boost The Music with Increased Effect,car & motorbike,4.25
218,Benjoy Wireless Bluetooth Music Receiver with inbuild mic for Maruti Suzuki New Swift,car & motorbike,5.99
219,Foxcare Metal Polish specially designed for chrome stainless steel aluminium  X Pro Series  500gm,car & motorbike,6.99
220,Frap Blue Car Body Cover for New Ford FigoTriple StitchedMirror PocketUV ResistantDustproofModels2010 2011 2012 ,car & motorbike,29.99
221,RSPD UGrip Aluminium Waterproof Bike  Motorcycle  Scooter Mobile Phone Holder Mount Ideal for Maps and GPS Navigation ,car & motorbike,9.05
222,STYCARO Right Driver Side Mirror Cover Indicator Type for Hundai i20 20112013 Type 2 Model White,car & motorbike,10.99
223,Philips GSF120X110 GoPure Select Replacement Filter Black,car & motorbike,15.0
224,Jammie Powerful Portable  High Power 12V Vacuum Cleaner for Car and Home Wet and Dry Car Vaccum Cleaner Multipurpose Vacc,car & motorbike,4.94
225,Godrej AER Twist Car Air Freshener  Petal Crush Pink  Fresh Lush Green 45g,car & motorbike,7.98
226,Lady Driver Pack of 2 Water Resistance No Fade Decals for Any BikeCar High Quality UV Vinyl die Cut,car & motorbike,2.89
227,HOTKEI Pack of 2 Lemon Scented Multipurpose Car Interior Ac Vent Keyboard Laptop Dust Cleaning Cleaner Kit Slime Gel Jel,car & motorbike,4.99
228,AUTO SNAP Car Air Freshener Fighter Aeroplane Perfume Solar Power Plane Diffuser Aluminum Airplane Fragrance Aircraft Dash,car & motorbike,19.99
229,Shrey Star Steel Cricket Helmet with 4 Round Velcro Set,car & motorbike,12.99
230,Uniqon Set Of 2pc Stylish Car Side LampIndicator Sticker Rim GrillJali Type Chrome Finishing Cover Silver Color Auto,car & motorbike,3.99
231,CARNEST Universal Car Foot Mats Non Slip 7D Leather Car Floor Mats Black Alto 800,car & motorbike,42.99
232,Autokaar Rubber Car Foot Mat for Chevrolet Beat Set of 5 Black,car & motorbike,15.95
233,Fabshield AllPurpose QuickClean Pack with Super Cleaning Solution Easy to Use Sponge and storing pouch,car & motorbike,5.99
234,300W Meind Inverter with DC 12V to AC 220V,car & motorbike,34.99
235,Alco Universal Car Front Bumper License Plate Mount Bracket Holder OffRoad LED Light Bar for Car,car & motorbike,30.0
236,Kelenate White 18pcs  1619 Reflective Wheel Rim Stripe Decal for Motorcycle Wheels Car Cycling Bike Bicycle Night R,car & motorbike,4.99
237,MARQUEONN Rubber Car Bumper Protector Guard with Double Chrome Strip for Car 4Pcs  Black for All car,car & motorbike,11.99
238,DOTME Calligraphy Arabic Script Wooden Car Hanging for Dashboard Rear View Mirror Decoration Accessories Multicolored Dou,car & motorbike,2.59
239,Vega Bolt Bunny Black Blue Helmet With Clear Visor and Extra Mercury VisorL,car & motorbike,26.0
240,Castrol POWER1 10W30 4T Synthetic Engine Oil for Bikes 1L,car & motorbike,5.46
241,MRF Savari 4510 85P TubeType auto Tyre,car & motorbike,29.0
242,SHOPEE 2Pack Steel and Alloy Wheel Cleaning Brush Rim Brush  Tire Brush Cleaner for Your Car Motorcycle or Bicycle Tir,car & motorbike,7.0
243,Pinnaclz 6A Dual USB Rapid Car Charger with Micro USB Cable Quick Charge 30 QC 30  18 Watt Turbo Car Charger Socket,car & motorbike,11.49
244,Duracell 36W Fast Car Charger Adapter with Dual USB Port Qualcomm Certified 30  Duracell USB Type C 3A Braided Sync  F,car & motorbike,22.98
245,ROMEIZ  Two Wheeler  Scooty  Bike Cover for Royaal Enfieeld Himalayan BS6 Cover with WaterResistant and Dust Proof Pre,car & motorbike,7.99
246,Seepa Acrylic Car Hanging with Double Sided Print Good Vibes only for Rear View Mirror Ornament  InteriorExterior Deco,car & motorbike,5.5
247,Penyan Door SillFoot Step Stainless Steel Plates with Maruti Suzuki Brezza 2022 Set of 4 Pcs,car & motorbike,19.99
248,Mototrance CURLY AntiSkid Vinyl Rubber Scooty Foot Mat with Adjustable Elastic Buckle for Honda Activa 6G Black,car & motorbike,5.99
249,Speedwav 20988 16 LED Interior Reading Light for Car,car & motorbike,3.0
250,Vocado 9 in 1 Car Accessories Combo Kit for Maruti Vitara Brezza,car & motorbike,9.99
251,Windshield Repair KitGlass Repair Tool with Windscreen Repair Resin Car Window Glass Repair Tool for ChipsCracksBullsE,car & motorbike,12.0
252,Kangaroo Chrome and Metal Polish 200 gm For Chrome Copper Brass Bronze Gold Nickel and Stainless Steel All Metal Cl,car & motorbike,2.75
253,RE Himalayan Premium Tank Grips by RIDAGEAR  Unique Grip Pattern  TESA Certified Glue,car & motorbike,5.99
254,AllExtreme TBRE171A Dust Cover Bike Mud Guard for Bullet Classic Electra and Standard 350cc and 500cc Motorcycle 2 PCS,car & motorbike,4.89
255,Auto Pearl Shark Fin Antenna Universal Replacement Car Antenna Roof Aerial ABS Material Waterproof Rubber Ring AM FM Radio,car & motorbike,5.99
256,GiftzLane Jesus Christ Car Dashboard Idol Combo Set of 2 Showpiece  Figurine Wood,car & motorbike,17.0
257,Autofact Waterproof Car Body Cover Compatible with Ford Freestyle 2015 to 2021 with Mirror Pockets Shinning Silver,car & motorbike,39.99
258,Useful Combo Car Washing Multi Function High Pressure Jet Water Spray with Cleaning Microfiber Cloth Glove Universal Suita,car & motorbike,6.99
259,Kixre Steering Wheel Spinner KnobCar Power HandleUniversal Fits for Cars Trucks Tractors Mowers ForkliftsBusetc,car & motorbike,11.99
260,Kingsway Car Magnetic Sun Shades Curtains for Renault Pulse Model Year  2012  2018 Zips in Front Window Color  Blac,car & motorbike,25.99
261,SAUDEEP INDIA Lord GanpatiGanesha Idol for Car Dashboard Desk Office Table  Beautiful Ganesh Car Dashboard Idol Figuri,car & motorbike,20.0
262,Indy Mall Car Automobile Seat Safety Belt Clip Stopper Adjuster Comfortable Durable Silver,car & motorbike,16.56
263,Waterproof Mobile Holder Phone Stand for Bike with 360 Degree Adjustable Holder Bike Mobile Holder  Black_B26,car & motorbike,21.0
264,MH VILLA Eid Mubarak Muslim Ramadan Islamic Allah Car Decor for Car Dashboard Car Interior Decoration Accessories Decorati,car & motorbike,6.99
265,PROKLEAR SX Carnauba Sealant Wax,car & motorbike,4.99
266,UPVsales Power Adaptor 12V 3Amp for DVR Cameras  Orther IT Products Electronics Products,car & motorbike,6.19
267,STYCARO Left n Right Side Rear Mirror Indicator Turn Signal LED Light for Tata BoltSet of 2,car & motorbike,29.99
268,Black  Decker Bxpw1300EB5 1300W 100 Bar 390 LHr Pressure Washer For Car Wash And Home Use Red  Black,car & motorbike,139.95
269,TWINISH Resuable Microfiber Cloth for Car Cleaning  Extremely Absorbent Plush Pile Lint  Streak Free  Ideal for Drying,car & motorbike,4.99
270,Abundance Flip Keys Aftermarket 2 Button Remote Key Shell compatible for Maruti Suzuki Models Swift Ritz SX4 Dzire Wag,car & motorbike,9.99
271,SPYKART 2022 Rearview Mirror Phone Holder for Car Multifunctional Rearview Mirror Phone Holder Universal 360 Car Rearvi,car & motorbike,11.99
272,Nivia ATK Mohun Bagan Sleeves Multicolor M,car & motorbike,5.99
273,Jai mahadev car Stickerbhole Baba car Sticker 35x32cm,car & motorbike,5.99
274,UNO Minda HL5200M Head Light Assebly with Holder for Bajaj Pulsar DTS UG3,car & motorbike,9.31
275,Car Dashboard Shiner Premium Dashboard  Leather Polish Spray just spry,car & motorbike,19.96
276,Axor Rage Python Dull Black Blue HelmetM,car & motorbike,34.1
277,Speedwav Car Dashboard Cover Carpet STYLE Grey For Tata Indigo eCS Dascov27,car & motorbike,14.0
278,Round Shape Tap Washer 15 Pcs Clear,car & motorbike,3.5
279,Auto Spare World Engine Oil Filter Compatible With Tata Nano 20092014 Petrol Set of 1 Pcs,car & motorbike,4.5
280,MIZZEO Chrome Moulding Trim Strip Car Door Edge Guard Protector Side Window Bumper Grill Automotive Interior Exterior ,car & motorbike,4.99
281,VIHM Shifter Gear Keychain 6 Speed Shifter KeychainMini Car Gear Shift Stick Knob Keyring Manual Transmission Gearbox Ke,car & motorbike,8.99
282,CiW Plastic 1 m Wire Continuity Tester Red and Black,car & motorbike,0.99
283,STUDDS RAY Super Open FACE Helmet Cherry RED L,car & motorbike,9.25
284,Sarte AntiSlip Car Dashboard Mat NonSticky Pad for Car Interior Office Home  Table 1 Pieces,car & motorbike,9.99
285,Sulfar Bar Light 06T  High Power Car LED Bar Light RedBlue Police Flasher Light  Emergency Warning Lamp Multicolor Flas,car & motorbike,4.49
286,ViaTerra Oxus Bike Tank Bag 13L  Strap Based  Works ON All Motorcycles  Perfect for Daily Office Commute  Polyvinyl ,car & motorbike,22.99
287,Autokaar Shark Fin Roof Antenna FMAM Signal Receiver Car Antenna Black for Hyundai Verna Fludic,car & motorbike,8.99
288,AutoEx Bonnet Stay Rod Clip Rod Holder Bonnet Supporter Rod CompatibleReplacement for Innova,car & motorbike,3.5
289,Clenom Powerful Rust Remover Spray Each 500ml Pack of 2 for Iron Alloy Metal Rust Cleaning  Protection for Car Moto,car & motorbike,7.99
290,Manual Swing Type fire Hose Reel Drum ISI Marked is 884 with Thermoplastic Hose Pipe 30mtr Long Dia 20mm ISI Marked i,car & motorbike,119.99
291,Keycept TPU Key Cover Compatible with Kia Seltos Sonet Carens Carnival 4 Button Smart Key Hold Button Down White,car & motorbike,12.49
292,Uno Minda Sw0686W Handle Bar Switch Right Side Self Start 2 Pin Female Coupler for HeroIgnitor Black,car & motorbike,1.24
293,KREYTRISS Arm Sleeve Unisex Sports Compression Sun Protection UV UPF 50 Cooling Sleeve Tattoo Cover Up Cycling Cricket Bik,car & motorbike,5.99
294,SHEEBA Scoot Shine Multisurface Scooter Scooty Liquid Spray Polish 250 ml Multicolour,car & motorbike,1.6
295,BLAXSTOC Mobile Holder Cool  Jagur  Leopard 360 Degree Rotation for Car Dashboard Phone Holder a Useful Car Accessories,car & motorbike,9.99
296,Carloginn Mogato TPU Leather Car Key Cover Compatible with Mahindra XUV500  Bolero Flip Key Black,car & motorbike,12.0
297,Zorzel Portable Mini Bike PumpCycle Pump Foot Activated with Pressure Gauge Floor Bicycle Pump  Cycle Pump Bicycle Tire ,car & motorbike,14.99
298,Basilica Décor Magic Colorful Duster  for Easy Cleaning Your HomeOfficeShopCar Stkcld,car & motorbike,4.99
299,OBEROIS TRADERS Bike Chain CoverChain Mud Protector for KTM Duke All Model Golden,car & motorbike,15.99
300,NIKAVI GDP18 Brake Disc Pad Compatible for Benelli TNT 600 I  GT FA3224HH,car & motorbike,13.3
301,pekdi Pen Type ORPREDOX Tester with Digital LCD Display Redox Meter Professional ORP Water Quality Detector Oxidation Red,industrial supplies,83.4
302,Ji Japsin Instrumentation Vacuum Gauge Dial Size 4  Range 1 to 0 Bar with Dual Scale of 15 PSI Surface Mounting Bot,industrial supplies,28.99
303,LipiWorld 7 in 1 Multipurpose Small Portable Plastic Handle Nylon Brush Kit Set for Computer Keyboard Car Laptop Cleaning,industrial supplies,9.99
304,True Sense GM816 Portable Anemometer Thermometer Air Wind Speed Gauge Meter Air Flow Velocity Windmeter 30ms LCD with Tem,industrial supplies,19.99
305,GREENIZON Solar Panel Glass Window Cleaning Brush with Waterfed Pipe and Aluminium Telescopic Pole of 34569 MTR and ,industrial supplies,55.0
306,Hoxyn Galaxy Junior Tube Cutter,industrial supplies,3.99
307,INGCO 26Pcs Screwdriver Bits Set CRV with 1 pcs Pouch 1 pcs Unique Design Ratchet Holder 18pcs 65mm Screwdriver Bit ,industrial supplies,16.49
308,PAGALY Tiles Gaps Sealent Grouts Repair Filler Tube Waterproof Tile Gap Crack Grout Filler Silicone Sealant for Home use S,industrial supplies,4.99
309,BVB mart 10 Inch Contour Gauge with Lock Gauge Profile Tool Super Master Outline Measuring Plastic Ruler for Corners,industrial supplies,9.99
310,Meco Abm18 Portable Battery Tester,industrial supplies,18.84
311,EQUAL 150kg Capacity PVC Foldable Platform Trolley for Heavy WeightMaterial Handling Goods Trolley for Home Office Ware,industrial supplies,59.84
312,RCSP Premium Deluxe Acoustic stethoscope for students medical and doctors professional use BLACK,industrial supplies,3.19
313,Medsor Impex Copper Winding 8x15 ml with 5 Speed Centrifuge Machine Black,industrial supplies,37.5
314,Bellveen Zebra Floor Marking Tap Self Adhesive Floor Marking Tape 20mm x 10meter Set of 3Red  Silver Blue  Silver B,industrial supplies,12.99
315,xcluma Digital Usb Mobile Power Charging Current Voltage Tester Meter Mini Usb Charger Doctor Voltmeter Ammeter,industrial supplies,2.99
316,Celestron Kids Let your child explore the world Microscope Green 44116,industrial supplies,74.99
317,ISOCHEM Sodium Chloride 1KG,industrial supplies,6.14
318,CHESHTA TPL Digital NonContact Clamp Meter ACDC Current Voltage Temperature Tester Full Protection Design LCD Display De,industrial supplies,11.59
319,HOWDIA 1 Swivel Plate Caster Wheels with Brake LBracket Side Mount TPR Rubber Small Furniture Replacement Silent Mute L,industrial supplies,52.89
320,BLACKDECKER BDHT22146 Steel 200mm 2nd Cut Half Round File Orange,industrial supplies,3.36
321,Aabha Hospital Needle Syringe DestroyerSurgical Electrical Needle Syringe Destroyer,industrial supplies,12.99
322,Generic Pack of 2 Solid Wheelchair Street Tire Fit Most 24x138 Wheel Chair Black,industrial supplies,45.0
323,Cable Protector  15 Meter 150 Cms Charging Cable Protector Winder  Full Size Spiral Triple Color Cable Saver Compatibl,industrial supplies,4.99
324,ScotchBrite Round Toilet Brush with HolderScotchBrite Plastic Kitchen Sink Brush Silver ScotchBrite Kitchen Sink Br,industrial supplies,4.19
325,xcluma Toy Alarm Sound IC KD9561 CK9561 LX9561 Four Sound Sound Alarm Music IC,industrial supplies,2.09
326,Oligitdi Number Lock Window Lock Refrigerator Lock Baby Safty Lock Drawer Lock,industrial supplies,10.0
327,Scott Essential M fold 125 sheet Per pack Combo of 2 Total 250 tissue code 51221 1,industrial supplies,39.99
328,Generic S2 USB 8 Led 1X500X Digital Microscope Endoscope Magnifier Video Camera Real 2Mp,industrial supplies,49.99
329,kitoro Self Adhesive Measure Tape Metric Ruler Measure Tools Left to Right0300cm,industrial supplies,38.34
330,Picok Silky Facial Tissues 3Boxes X 8Packs  24 Boxes  Bulk Silky Touch100 Natural Virgin Pulp Made in Korea,industrial supplies,51.2
331,Python Claw Hammer 2G Indestructible Fiberglass 450 GMS  14 350 MM,industrial supplies,5.35
332,Johnson Tools 100WGT Iron 100gm Calibration Weight Scale with Chrome Finish,industrial supplies,7.99
333,Euronics Manual Soap Dispenser ES23,industrial supplies,18.04
334,wipro Tejas 7W LED Bulb B22 pack of 8,industrial supplies,12.8
335,STANLEY 69031B Round 30W Corded Soldering Iron with STANLEY 66137 Digital Detection Tester and Screwdriver,industrial supplies,7.78
336,LAYSAN PAN Sink Cocke for Kitchen Sink 360 Degree Rotating with Foam Flow Brass Tap with Chrome Finish Full Brass tap for,industrial supplies,19.99
337,Medical Goniometer 360 Degree Easy to Measure Medical Angle Ruler Plastic for Measurement,industrial supplies,45.99
338,Robotbanao NodeMCU ESP32 WiFi Development BoardLWIP ProtocolLua Programming,industrial supplies,12.99
339,Mitutoyo 530312 Brand Vernier Caliper without fine adjustment 150mm  6 inch Model,industrial supplies,59.99
340,Electronic Spices pack of 2 47K ohm potentiometer dshaft single variable resistor,industrial supplies,1.49
341,Lalapool Swimming Pool Scrub BrushHeavy Duty 18 Aluminum Stainless Steel Wire Bristle Pool Brush for WallsTiles  Floor,industrial supplies,24.99
342,Amazon Brand  Solimo Classic Notebook Hardbound Cover 240 Plain Pages Brown,industrial supplies,5.49
343,Fdit Seawater Salinity Meter Aquarium Optics Temperature ATC Digital Refractometer,industrial supplies,25.0
344,RITEDEAL 30ml glass bottle clear transparent dropper bottle Liquid powder essential oil storage bottle Homeopathy dropper ,industrial supplies,4.99
345,Mitutoyo 513401E Dial Test Indicator Basic Set Horizontal Type 8mm Stem Dia Yellow Dial 0700 Reading 40mm Dial Di,industrial supplies,90.0
346,AUTO BOTIX deals for you Digital Multimeter LCD AC DC Measuring Voltage Current,industrial supplies,9.0
347,Aswadh Self Adhesive Measure Tape Metric Ruler Measure Tools Left To Right0200Cm60028130ASWI,industrial supplies,22.13
348,Sky PACK OF 100 ANTISTATIC ESD SAFE CHLORINATED DISPOSABLE LATEX FINGER COTS REUSABLE RUBBER FINGERTIPS 4 MIL THICK,industrial supplies,3.99
349,Mextech MD2G Digital Wood Moisture Meter,industrial supplies,16.38
350,Aroma Chemicals  Perfume Chemicals  Di Propylene Glycol  DPG 500 ml,industrial supplies,29.0
351,designers den Sanding PaperBrown Flint PaperPack of 12 Sheets,industrial supplies,2.52
352,SATMPD Iron Kitchen Cleaning Stainless Steel Sponge Scrubber Tool with Plastic Handle 1 pc,industrial supplies,4.99
353,Mextech SL4012 Sound Level Meter,industrial supplies,38.88
354,Amp Meter Lightweight Digital Current Meter Ad1622Dsa with Round Signal Indicator for Industry for Measure The CurrentY,industrial supplies,2.74
355,Parryware Trigon Angle Valve Set of 3,industrial supplies,27.0
356,Meco  27AUTO 312 Digital 2000 Count 400A AC Autoranging Digital Clampmeter With Calibration Certificate  One Years Wa,industrial supplies,26.45
357,Jonicy Brush with Long Handle 2 in 1 Floor Scrub Brush with Squeegee Shower Scrubber Cleaner Swivel Stiff Bristle for Cl,industrial supplies,6.99
358,Finolex 1Sqmm Wire 90m coil  Black,industrial supplies,18.0
359,MCP Eye Vision Chart  White and Black ,industrial supplies,3.99
360,Supreme Ro System TDS Meter and Digital pH Meter Combo Pack PenType Meter suitable for testing pH and TDS value for al,industrial supplies,20.49
361,DGARYS Ph Strip Litmus Paper Ph 114 Test Indicator Litmus Ph Paper Ph Meter Litmus Paper For Water Testing Water And S,industrial supplies,3.5
362,NEW WARE Plastic Toilet Seat Cover Hinges Parry Type Casked Clamp White,industrial supplies,2.49
363,DHWANI ENTERPRISE Fully Automatic Infrared Sensor Small Hand Dryer Designed for Home WITH CHECK DUSTER FREE,industrial supplies,15.5
364,Karam PN 402R Descender and Rope Clamp,industrial supplies,39.0
365,Konvio Neer pH Drop for pH Testing and Alkaline level for pH Water Testing with pH Color Chart pH Test Kit Litmus liqui,industrial supplies,6.99
366,Labifie Borosilicate Glass Test Tube 25  150 mm pack of 6 pcs,industrial supplies,3.99
367,NVF Measure Perfect Body Tape Measure SelfTightening Body Measuring Ruler Retractable Double Scales Rulers Perfect Wa,industrial supplies,4.99
368,BeyRek Unique Cleaning Tool Kit 3 Piece Mini Wire Brush with Brass Nylon Stainless Steel Bristles for Scrubbing Removi,industrial supplies,2.99
369,Output Cable Line Multimeter Banana Plug to Crocodile Alligator Clip Test Probe Lead Wire 30V 5A 80cm Banana to Large Alli,industrial supplies,16.21
370,BFC SILICON CARBIDE Powder LR  250gm CAS No409212 220 Mesh,industrial supplies,7.0
371,GHORI EnterpriseBathroom Tiles Cleaner Brush with Long Handle 120 Rotating Floor Cleaning Brushes for Household Kitchen,industrial supplies,4.99
372,STANLEY STHT36125812 3 Meter Plastic Short Measuring Tape Yellow,industrial supplies,1.08
373,Aquieen Brass Mixer Basin Tap Rose Gold Copper finish,industrial supplies,149.99
374,ARGLabs UV Cabinet for Chromatography analysis,industrial supplies,84.59
375,Apex Digital Oxygen Flowmeter with Humidifier Bottle,industrial supplies,33.0
376,RYLAN Bathroom Cleaning Brush with Wiper 2 in 1 Tiles Cleaning Brush Floor Scrub Bathroom Brush with Long Handle 120 Rota,industrial supplies,9.99
377,Hesch 9 Brand 250 Grams 999 Purity Boric Acid Powder for Various Industrial and Other Household Multipurpose Works,industrial supplies,3.49
378,RASHRI  One For All 7805 Voltage Regulator IC Pack Of 10,industrial supplies,5.99
379,Thermomate Grain Moisture Meter with Measuring Probe  Digital Display,industrial supplies,68.99
380,NAAFIE HTC Analog Multimeter 360 TREB With Warranty Of One Years,industrial supplies,15.0
381,SPECULO Microfiber Feather Duster Bendable  Extendable Fan Cleaning Duster with 100 inches Expandable Pole Handle Washabl,industrial supplies,4.99
382,Jyoti Chemicals Lead Chloride 500gm,industrial supplies,16.95
383,SRP 12 inch 3 Way Ball Valve Female Brass  Copper BSPT Threded Nickle Finish Sutable For Water Oil Gas 1Pc Pack T por,industrial supplies,8.99
384,Lab Junction ColorimeterFully Automatic Photo Colorimeter 9 Filters LJ1318 as per Quality Standards,industrial supplies,85.0
385,Bitnex 2 in 1 Wiper Brush Glass Cleaning Tools Mirror Grout Tile Cleaner Washing Pot DoubleSided Wiper Bathroom Window Sc,industrial supplies,8.99
386,5PCS 32pin pitch 254mm double row straight female pin header strip PCB connector 216,industrial supplies,5.0
387,Professional DualPort Digital Handheld Differential Pressure Gauge Gas Pressure Meter Large LCD with Backlight Huaishu,industrial supplies,95.75
388,ESD Safe 5 pc AntiStatic Wrist Band B to B Adjustable,industrial supplies,15.99
389,Dhwani Enterprise Brush and Wiper Cleaning Mop and Brooms Plunger with Check Duster Cloth Free  35 cm white,industrial supplies,4.0
390,Konvio Neer pH  TDS EC Meter Combo Pack 005ph High Accuracy Pen Type pH Meter 3in1 TDS EC Temperature MeterCOMBO Pack,industrial supplies,22.19
391,SRP 12 Inch Nozzle Bib Cock Faucet Tap Handle Valve Suitable for Washing Machine Inlet Hose Pipe Outside Garden Watering,industrial supplies,19.89
392,Magnesium Acetate Tetrahydrate  Jainsonlab  500 GM,industrial supplies,15.0
393,XtremeFast Brass Coated Wire Brush Wheel and Cup Brush Set with 14Inch Shank 50MM Sizes Coated Wire Drill Brush Set G,industrial supplies,10.0
394,Schneider RCCB 63A DP 30mA ACTI9 White,industrial supplies,63.05
395,Solder Cup DB25 Male  Plastic Hoods 25 Pins DSub Connector  Hood Set  DB25 Males  Hoods 2,industrial supplies,5.99
396,ELEGANT CASA Seat Cover Screw Hinges Set With 120mm Screw for Wall Hung and One Piece Toilets Hinge 50MM X 22MM,industrial supplies,6.99
397,Amprobe BAT250 Battery Tester,industrial supplies,9.75
398,Teflon Rod PTFE 35mm Diameter 100mm  300mm  450mm Long Poly Tetra Fluoro Ethylene Non  Stick Heat Resistant Machinable ,industrial supplies,17.49
399,GBEX Voltage Tester 901000V AC Electric Voltage Power Detector Alert Sensor Tester LED Light NonContact Pen Multi Color,industrial supplies,5.99
400,72MM Analog Voltmeter 0500V and 030Amp Ammeter Voltmeter Analog,industrial supplies,8.99
401,ROL Reoutlook Women Yoga Cotton Tight Fit CapriThree Fourth,sports & fitness,3.75
402,HHEMES Wrist Supporter for Gym Wrist Wrap Hand Band with Adjustable Size Strap  Thumb Loop for Gym Power Lifting Weig,sports & fitness,4.99
403,WZ Stats Nylon Shuttlecock White Colour Pack of 10 White,sports & fitness,9.99
404,OSTMART SPORTS 30MM 4 feet Straight Solid Steel Professional BarRod with 2 Locks,sports & fitness,13.5
405,High Quality Lycra Stretchable Gym Gloves with Wrist Support for men and women workout Exercise and Fitness Sports Gym Glo,sports & fitness,8.99
406,Sparx Men SM008B Sports Shoes,sports & fitness,14.49
407,ZIGARO Stroke Non Marking Badminton Shoe,sports & fitness,27.5
408,Kamachi Exercise Bike Made in Taiwan Mini Pedal Exercise Bike with Resistance,sports & fitness,35.99
409,GoPro HERO10 Action Camera with Free Swivel Clip Digital Battery  Shorty Tripod Waterproof Front  Rear Dual Screen,sports & fitness,622.0
410,Fashnex Pull up Bar Chin up Bar for 65cm85cm Door Way size Mounts with Screws for Pullups chinups at Home exercises fo,sports & fitness,19.99
411,Bike 24 AutomobileAlluminium Alloy Ring Bell for Bicycle Cap Bell Green Sweet Sound,sports & fitness,9.99
412,Coghlans Emergency Survival Bag,sports & fitness,5.5
413,Denill Womens Textile SlipOn Lightweight Walking Gym Running Shoes,sports & fitness,9.99
414,Athfit 34th Capri Combo with Mobile Pockets for Gym Running  Yoga,sports & fitness,19.99
415,TT Plastic Shuttle Cock Marvel Pack of 3,sports & fitness,9.99
416,Rhino Cricket Abdominal Guards Pack of 6 Abdominal Guards,sports & fitness,2.85
417,SHREY Intense Compression Long Tights Skins Mens Legging Base Layer for Gym Running Swimming Cricket Cycling Footb,sports & fitness,12.99
418,NETCLICK Resistance Exercise Stretching Bands with Door Anchor Handles Waterproof Carry Bag Legs Ankle Straps for Resi,sports & fitness,9.99
419,HomesWorld Yoga Socks for Women NonSlip Grips  Straps Ideal for Pilates Pure Barre Ballet Dance Barefoot Workout P,sports & fitness,9.99
420,Puma Men Track Pants,sports & fitness,27.99
421,Bellveen Shining Transperent 10L Waterproof Outdoor Ocean Pack Swimming Dry Bag for Travelling Camping Hiking Rafting ,sports & fitness,8.99
422,Fashion My Day Putting Ruler Ruler Auxiliary Putter Stick Accessories Practice for Home Sporting Goods  Golf  Golf Train,sports & fitness,74.99
423,Kk Home Store Decor Yoga Mat High Density AntiSlip Yoga mat for Gym Workout and Flooring Exercise Long Size 4 mm Yoga M,sports & fitness,12.0
424,Macrowoman WSeries Women Thermal 34th Sleeve Top,sports & fitness,5.99
425,Adidas Mens Amalgo M Sneaker,sports & fitness,42.99
426,LANCER Mens Indus215 Hiking Shoe,sports & fitness,12.49
427,PAGASUS Latex Resistance Bands for Workout Theraband for Physiotherapy Stretching Band for Home Workout Loop Band for Men ,sports & fitness,9.99
428,Harbor N Bay Mens Black Camo Printed Regular Fit TrackpantANMTP00AF852,sports & fitness,22.97
429,Honeytecs 318x780mm Bicycle Handlebar Cycling Aluminium Alloy Handlebar MTB Extra Long Handlebar Riser Bar,sports & fitness,9719.95
430,DIABLo Weight Lifting Belt Back Gym Strap Training Support Fitness Exercise Body Building Belt S 3034 Blue,sports & fitness,9.99
431,Silver Feather Badminton Shuttle Cock Pack of 10 Color White by Neevi Enterprises,sports & fitness,6.99
432,Axter Mens 9273 Black Casual Sports Running Shoes,sports & fitness,4.99
433,Lining Airforce 80 Lite BadmintonracquetLight RedLight Red with Free Cover Material Carbon Fibre,sports & fitness,55.9
434,CULTSPORT  Workout Shorts with Contrast Details,sports & fitness,12.99
435,VS ENTERPRISESYoga and Exercise mat of 3mm Light Pink Yoga Mat with Yoga Mat Carry Strap 100 Eco Friendly,sports & fitness,5.99
436,RodZen Woolen Winter Beanie Hat Cap for Women 1 Piece Set,sports & fitness,14.99
437,serveuttam Yoga Block 2 PC  High Density EVA Foam Block to Support and Deepen Poses Improve Strength and Aid Balance a,sports & fitness,9.5
438,UMANI Sports Leather Gym Gloves for Men with Wrist Support Band for Weight Lifting and Exercise Black Color,sports & fitness,2.99
439,USI Universal Adjustable Resistance TubeExpanderToning Tube for Home Workout Resistance Band for Men and Women Adjusta,sports & fitness,9.3
440,SHEMKAR Stretch Workout Bands with Handles 17pcs Exercise Resistance Bands Set4 Levels Loop Bands5 Stackable Exercise Ba,sports & fitness,29.99
441,KV HYPE 6MM YOGA MATS kid Yoga Mat with Carry STRAP for Home Gym  Outdoor Workout for Men  Women GRAY GRAY,sports & fitness,12.99
442,Luusa TFT RX500 Plug N Play KidsBaby Tricycle With Parental Control Cushion Seat And Seat Belt For 12 Months To 48 Mont,sports & fitness,36.99
443,Amazon Brand  Symbol Womens Cotton Blend Hooded Neck Hoodies,sports & fitness,19.99
444,Skipping Rope for Men Women  Children  Jump Rope for Exercise  Weight Loss Freestyle Skipping Rope,sports & fitness,5.99
445,XPEED Sledge Hammer Fitness Workout Crossfit Sledgehammer Functional Cross Training Sledge Hammer 6kg 10kg Heavy Weight ,sports & fitness,48.99
446,PANCHTATAVA Yoga Mat Cover with Adjustable Shoulder StrapStylish Parachute Blue Yoga Bag 1,sports & fitness,9.99
447,BLINKIN Womens 34 Gym Wear Tights for Women with Side Pockets  Perfect for Active Wear Yoga  Workout  The Ultimate G,sports & fitness,16.8
448,Aswadh Waterproof Camping Backpack Rain Cover with Reflective Strip 3040 L Black,sports & fitness,17.63
449,VICTOR VBS70 070mm x 10mm Durability Medium Feeling Badminton String Available in 7 Different Color Pack of 2  White,sports & fitness,8.8
450,ASG Bouncer Dumbbell 5kg Single Piece  5kg x 1 Piece  exercise dumbbells  Rubber Coated Home Gym Kit Dumbbell  weight 5,sports & fitness,14.99
451,Toonyport Kids Thermal Sets  Solid Trendy Thermal Wears for Kids  Up to Age 314 Years,sports & fitness,14.99
452,UNBEATABLE Men s Running ShortsWorkout Running Shorts for Men Gym Yoga Outdoor Sports Shorts,sports & fitness,7.49
453,Bowler Miniature Autograph Showpiece Cricket Bat 12 Inch Pack of 4 They Cant be Used for Paying Cricket,sports & fitness,4.99
454,London Hills Mens Cotton Hooded Neck Hoodies,sports & fitness,12.99
455,MUTMAIN 100 Waterproof 80L to 100L Rain Cover for Backpack Bags Rainproof Dustproof Protector Raincover Elastic Adjustab,sports & fitness,8.99
456,XSAW 4 Inches Unisex Weightlifting Gym Belt Combo with Gym Grips Pads Hand Training Bar StrapsPUFoam Padded Comfort for ,sports & fitness,13.99
457,Nike Boys Sport Short AO0771644_Laser CrimsonValerian Blue_S,sports & fitness,10.95
458,RXN Taekwondo Sports Shoes for Mens and Womens,sports & fitness,14.99
459,Electric Cycle ebike Throttle Accelerator 3 pin Input WaterProof Ergonomic Grip 24 Volt 36V 48V 60V for EBike E Cycle ,sports & fitness,9.99
460,Urbano Fashion Mens Slim Fit Joggers,sports & fitness,16.99
461,ELANHOOD Unisex Compression Sports Shorts Half Tights,sports & fitness,5.99
462,Rocksport BAGRORA017 Rain Cover Medium,sports & fitness,3.9
463,Kobo SB5 Steel Exercise Spin Bike Black,sports & fitness,240.0
464,Sizzers Premium Ankle Length Floral Printed Multicolored Cotton Socks For WomenGirls,sports & fitness,2.99
465,Nivia Adjustable Hand Gripper 20 for Strengthener 10Kg to 40Kg Training Forearm Exerciser Finger Exercise Power Gri,sports & fitness,3.7
466,NEVER QUIT Men Cool Dry Compression Lower for Athletic Workout and Running,sports & fitness,9.99
467,UJEAVETTE Towel Grip Badminton Tennis Racket Overgrips Purple,sports & fitness,9.92
468,19 Function Backlight Waterproof TempratureFat and Calories Wired Odometer Bicycle Computer Black,sports & fitness,14.99
469,ASE 20 Badminton ShoesIdeal for Badminton Table Tennis Volleyball,sports & fitness,23.5
470,Kore DumbbellWeight Lifting Bars for Home Gym Workout,sports & fitness,1.79
471,Varun Jumping Skipping Rope with Comfortable Foam Grip for Weight ReducingWarmupGymSports,sports & fitness,5.99
472,GKI Kung Fu Table Tennis Racquet Wood,sports & fitness,10.5
473,Max Womens Printed Elasticated Pyjamas,sports & fitness,4.99
474,STF Army Printed Track Pant for Men  Lower  6 Pocket  Lycra,sports & fitness,8.99
475,STAR THE VISION Fit Track Pant for Mens  Slim Fit Running Gym Stretchable Lycra Pant,sports & fitness,9.99
476,AJRO DEAL Tummy Trimmer double Spring Ab Exerciser Skipping Rope and Hand Grip Combo,sports & fitness,12.99
477,Fitkit FK700 Magnetic Upright Fitness XBike with Back Support with Free 3 Month Diet and Fitness Plan by certified Dietit,sports & fitness,229.9
478,Puma Womens Regular Track Pants,sports & fitness,13.49
479,UZARUS Mens Sleeveless Thermal Set V Neck Vest and Trouser,sports & fitness,29.99
480,ZAKOD Mens VNeck Comfortable Winter wear Full Sleeve Sweater for Men,sports & fitness,14.99
481,LYCOT Skinny Fit Compression Full Tights  Medium  Black,sports & fitness,4.75
482,BSA Flora20 20T Single Speed Cycle Frame Flamingo Pink for Girls Kids Bike 13 Inch frame,sports & fitness,97.99
483,DECISIVE Mens Slim Fit Vest,sports & fitness,9.99
484,Nivia Dominator Football Studs,sports & fitness,10.29
485,Selfcare Women Poly Cotton Thermal Top and Pyjama Set Pack of 2 Set,sports & fitness,23.96
486,Allen Solly Women Sweatshirt,sports & fitness,14.99
487,CONNECTWIDE Portable Trolley Boarding Travel Foldable Duffel Bag for Women  Men Waterproof Lightweight travel Luggage b,sports & fitness,9.7
488,DreamPalace India Hand Gripper  Exerciser Strengthener Hand Exerciser Resistance 10Kg to 40Kg for GymStrong WristGrey,sports & fitness,6.49
489,VIMAL JONNEY Mens Regular Fit Tackpants,sports & fitness,18.0
490,Leader Spyder 275T Multispeed 7 Speed Mountain Bike with Front Suspension  Dual Disc Brake  MATT BlackOrange Ideal ,sports & fitness,219.99
491,AYBTIC Messi Argentina Jersey 2022 World Cup,sports & fitness,19.99
492,PMG Flora Sport Popular Willow Cricket Bat Full Size,sports & fitness,9.95
493,RKPM MultiPurpose Mountain Bike Bicycle Repair Tool Kit Allen Key Spoke Wrench 16 IN 1,sports & fitness,8.99
494,ShapeX Mens Cotton Shorts for Gym Yoga Exercise Cycling Red White Red  Combo of 2,sports & fitness,19.99
495,ArrowMax Exercise Gym Gloves for Men Workout with Wrist Cross Training Weightlifting Calisthenics Great Hand Grip  Id,sports & fitness,8.45
496,Delzon 5 Liter Water Proof Ocean Pack Dry Bag for TravellingCampingHiking Rafting,sports & fitness,10.39
497,SPEED BIRD Cycle14T Robust Double Seat Kid Bicycle for Boys  Girls  Age Group 36 Years Baby Pink,sports & fitness,41.99
498,Lux Inferno Womens Round Neck Sleeveless UpperTopVest Thermal  Pack of 1,sports & fitness,4.73
499,Classic White Feather Badminton Shuttle Cock with Heavy Cork and Excellent Flight 20 Piece 2 Box,sports & fitness,7.0
500,MG Brand Bts Bangatan Boys kpop Fan Art unisex Cotton hoodie  trackpant tracksuit combo pack of 1 for kids women girl,sports & fitness,25.99
501,Pampers All round Protection Pants Extra Extra Extra Large size baby diapers XXXL 23 Count Lotion with Aloe Vera,toys & baby products,11.99
502,Pandas Box Mantras Chanting Musical Baby Ganesha Plush Toy for Getting Kids Started on Indian Mythology and Culture  Bes,toys & baby products,14.99
503,SHUBH MUHURAT BABY CARE PACK,toys & baby products,5.7
504,House of Quirk Adjustable Reusable Baby Washable Cloth Diaper Nappies with WetFree Inserts Multicolor Pack of 2,toys & baby products,9.99
505,JZIKI Medical NonContact Infrared Forehead Digital Gun Thermometer with LED Display for Adults Baby and Infants,toys & baby products,79.99
506,Bembika 5 Layer Bamboo Terry Inserts with Gussets Liners Natures Cloth Diaper Liner Wetfree Reusable Washable Cotton Diap,toys & baby products,31.99
507,ChopWild Best Baby Gift Building BlocksCreative Learning Educational Toy for Kids Puzzle Assembling Shape Building Unbrea,toys & baby products,4.49
508,The Moms Co TearFree Natural Baby Shampoo 400ml  TalcFree Natural Baby Powder with Corn Starch  100 Natural  Aust,toys & baby products,9.48
509,SUPER TOY Dinosaur Animals Toy Figures Playing Set of 20 for Kids,toys & baby products,14.99
510,Battery Operated Stroller Fan with Flexible Tripod Clip On 3 Speeds and 270Auto Oscillating Portable Personal Handheld ,toys & baby products,49.24
511,Crushbees Baby Nail Cutter Kit Manicure Set Grooming Set 4pcsGrey,toys & baby products,3.29
512,Honey Shopee BPAFree Non Toxic Toddler and Infant Baby Tooth Sooter Teether Keys Teething Toys for Baby Toy Textured Sili,toys & baby products,2.99
513,Universal Baby Stroller Bag Adjustable Buckle Strong Multi Pocket Scratch Resistance Baby Stroller Storage Bag Oxford Clo,toys & baby products,30.58
514,BabyChakra Moisturizing Natural Baby Sunscreen SPF 30 PA UVAUVB Protection NonSticky  WaterResistant 60gm,toys & baby products,1.75
515,Ms Enterprise Seat Belt Pillow for Kids Car Cotton Support for Baby Adults Children Gray,toys & baby products,51.45
516,Mothercare BabyGirls Dress,toys & baby products,34.99
517,Zest 4 Toyz Little Monsta Design Pram Cum Baby Stroller Easy Foldable Design Wide Seating Space For Newborn BabyKids ,toys & baby products,54.99
518,Kuber Industries Stainless Steel Baby Feeding Bottle for Kids Steel Feeding Bottle 250 ml 1 Extra Nipple FreeKUBMART1,toys & baby products,4.89
519,Adore Pop Kids Toothbrush With Cover Panda Black,toys & baby products,2.95
520,Play Panda New Magnetic Puzzles  Triangles  Includes 250 Colorful Magnets 100 Puzzles Magnetic Board Display Stand,toys & baby products,4.99
521,PE Hanging Bag Storage Mommy Storage Bag Cart Korean Baby Bottle Baby Stroller Out Bag Hand Hanging,toys & baby products,111.97
522,MAXI Zoom Car Soft Toothbrush for Baby  Kids BPA Free Boys  Girls Toddler Toothbrush for 2 Years sports car shaped ,toys & baby products,1.5
523,WATERFOWL Baby Fruit Nibbler and Feeder Pacifier Baby Fruit Nipple Teether for 6 to 12 Months Baby Bpa Free Combo Pack of,toys & baby products,3.09
524,Paljji Handicrafts Vamana GuntaluPallanghuziMancala Wooden Board Game with 70 Cowrie Shells  14 PitFish Model,toys & baby products,5.99
525,THEONI Organic Muslin 3 Layers Burpy Bib For Newborn Baby,toys & baby products,7.5
526,Jj Cole Jj Cole Urban Bundleme Canopy Style Bunting Bag to Protect Baby from Cold and Winter Weather in Car Seats and St,toys & baby products,84.57
527,Asalvo Spain Leader Red StrollerPram for BabyKids,toys & baby products,253.0
528,DAKULO Soft Cloth Swing New Born Baby CradleGhodiyuKhoyu Hammock in Cool Cotton with Net Orange with Steel Hangers,toys & baby products,8.99
529,Baby Stroller Organizer Stroller Organizer with Cup Holder Oxford Fabric Practical for Umbrella Stroller Storing Towel N,toys & baby products,40.99
530,Swipe Kart Wave Board Skate Board with Carry Bag  LED Flash Colorful Lights in Wheels Variation Color Design for Outd,toys & baby products,25.99
531,MamyPoko Pants Blue Small 80 Pieces,toys & baby products,12.49
532,BAYBEE Portable Baby Breast Feeding Pillow for New Born Baby  Infant Baby Nursing Feeding Pillow for Breastfeeding with R,toys & baby products,12.99
533,Hopop Pacifier Clip Colorful Pacifier Holder for Boys and Girls Fits Most Soother Pacifier  Teething Toys 100 Safe for,toys & baby products,1.99
534,Honey Boo Baby Nail Clipper Safety Cutter Toddler Infant Scissor Manicure Pedicure Care Kit Set 4 Blue Bear,toys & baby products,4.99
535,A Toddler Thing  Reusable Padded Cotton Undewear  Ultra Undies  Donut  12y Pack of 2,toys & baby products,6.49
536,Baby Trend Rocket Lightweight Stroller Princeton,toys & baby products,296.59
537,SafeOKid Wrist Link Adjustable Strap Safety Link for Baby Pink,toys & baby products,9.99
538,Diapers Size 6 144 Count  Pampers Baby Dry Disposable Baby Diapers ONE MONTH SUPPLY,toys & baby products,227.99
539,KRADYL KROFT 5in1 Baby Feeding Pillow with Detachable Cover Pharoh,toys & baby products,21.99
540,MamyPoko Tape Diapers for Babies New Born mini Pack of 30,toys & baby products,6.0
541,WOBBOX Baby Monthly Milestone Cards Record 012 Months Growth Milestones Cards 13 Pcs Beige,toys & baby products,3.99
542,Baby Story Gentle Nail Cutter with Magnifier Zoom Lens for Newborn BabiesToddlerKidsChildren,toys & baby products,3.99
543,Dash Victor Tricycle for Kids Baby Cycle Kids Cycle Tricycle for Kids for 2 Years to 5 Years with Under Seat Storage L,toys & baby products,32.6
544,WorldCare Fashion Mummy Maternity Nappy Backpack Large Capacity Multifunction Outdoor Travel Stroller Nursing Bags  red 223,toys & baby products,265.18
545,ARTLABEL Early Education Electronic Talking Flash Cards Toy Device with Music Sound English Words for Preschool Kids Toddl,toys & baby products,9.99
546,Teri Beri Babys All in One Washable Reusable Adjustable Cloth 4 Diapers without Inserts Assorted Colour,toys & baby products,9.99
547,Jingle Kids Pack of 2 Baby Key Ring Shaped Teether Musical BPA Free Oral Dental Care Design 23,toys & baby products,2.99
548,Antils Baby Carrier BagAdjustable Hands Free 4 in 1 BabyBaby sefty BeltChild Safety StripBaby Sling Carrier BagBaby ,toys & baby products,14.99
549,Eucerin Eucerin Baby Baby Wash  Shampoo  135 oz,toys & baby products,25.61
550,Mee Mee Premium Glass Feeding Bottle with EazyFlow Technology AntiColic ValveAnti SlipBPAFree Baby Feeding Bottle fo,toys & baby products,3.99
551,Nestle CERELAC Baby Cereal with Milk 5 Grains  Vegetables  from 18 to 24 Month Bib Pack 300 g  Nestlé CERELAC Baby C,toys & baby products,5.97
552,Baby Forest Mashak Kawach Baby Mosquito Repellant Spray 100ML pack of 1 Made with Lemongrass oil Cedarwood and Lavend,toys & baby products,6.45
553,Desi Rang Baby Hand and Footprint kit Infant Foot and Handprint Hand Foot Impression Print DIY No Touch Safe Non Toxic,toys & baby products,8.5
554,SuperBottoms UNO Freesize Cloth Diaper  Cloth diaper for babies 3M to 3Y  Washable  Reusable cloth diaper  Comes with ,toys & baby products,11.98
555,Little Monkeys Bamboo Charcoal Inserts Liners Natures Cloth Diaper Liner Wet free Reusable Washable Cotton Diaper Nappy I,toys & baby products,7.89
556,Pampers Active Baby Extra Large Size Diapers 56 Count  Pampers Active Baby Extra Large Size Diapers 32 Count,toys & baby products,26.98
557,Lansinoh Hpa Lanolin For Breastfeeding Mothers 141 Ounce Pack Of 2,toys & baby products,39.99
558,Grafters Dinosaur Toy Pull Back Cars 6 Pack Dino Toys for 3 Year Old and Up Pull Back 4 Toy Cars and Friction Powered 2 ,toys & baby products,19.99
559,Mothercare All We Know Baby Lotion E 0M 300ml Pack of 2,toys & baby products,5.58
560,Cable World Police Car with Lights Powered Music and Siren Sound Car Toy for Kids,toys & baby products,9.99
561,OYO BABY Baby Diaper Pants L Size Large with Aloe Vera Lotion for rash protection Pack of 42 Count with upto 12Hr pro,toys & baby products,6.49
562,Pampers Premium Care Pants for Babies Small size baby diapers SM 140 Count Softest ever Pampers pants Small Size Pa,toys & baby products,23.98
563,Sawkirp Darshraj Infinity Cube Toy Finger Toys for Kids and AdultsBlocks for Stress Relieving Killing Time Cube for OC,toys & baby products,14.99
564,Dreambaby 2 Up Step Stool Grey,toys & baby products,9.99
565,Clapstore Busy Board V2 with LED Light Montessori Toys with Toggle Switch Sensory Toys for Kids 16 Travel Toys for Edu,toys & baby products,24.99
566,superbottoms Waterproof Reversible Bag Multipurpose on The go Mini WetbagtravelbagClutchMakeup OrganizerCloth Diaper ,toys & baby products,5.99
567,Himalaya Herbals Natural Moisturizing Lip Butter 10gm,toys & baby products,1.6
568,Baybee Stainless Steel Baby Spoon Set for Baby Feeding Non Toxic BPA Free Training Feeding Spoon  Fork Set Food Grade S,toys & baby products,3.99
569,Cuddables 99 Water Baby Wipes  Natural Plant made cloth wipes  Super thick  72pcs X 2 Packs  144 Wet Baby Wipes,toys & baby products,4.99
570,Desi Rang Baby Hand and Footprint kit Foot and Handprint Hand Foot Impression Print DIY No Touch Safe Non Toxic Ink pa,toys & baby products,10.0
571,TECH LOGO ELECTRONICS Shower Little Wind Up Key Random Cartoon Floating Bath Animal Turtle Toys for Kids Toddlers Child P,toys & baby products,6.66
572,Mamaearth Moisturizing Baby Bathing Soap Bar Ph 55 With Goat Milk  Oatmeal Pack Of 2 75Gms Eac And Mamaearth Bathing,toys & baby products,7.47
573,Brustro Artist Drawing Paper roll 160 GSM Size 75 cm30 x10 mtr,toys & baby products,10.98
574,Pigeon Peristaltic Nursing Bottle 240ml Blue,toys & baby products,2.55
575,Fundough Funskool Playset Numbers Letters N Fun Ten tubs of Dough an exciting and informative 35 Piece playset Multicol,toys & baby products,3.49
576,LuvLap Pearly Food  Fruit Nibbler  LuvLap Baby Silicone Finger Toothbrush with case for Easy Cleaning Massaging and So,toys & baby products,3.58
577,Elysian Plastic Unbreakable DhamelaTubTagari Home Kitchen Animal Care Feeding Baby Bathing Agriculture Multipurpose ,toys & baby products,2.19
578,Mee Mee Baby Mini Napkins Set of 6  Soft Absorbent Cotton Napkins,toys & baby products,1.79
579,ESnipe Mart Magnetic Pencil Case with Sharpener Pink,toys & baby products,9.99
580,ez pz Mini Bowl  100 Silicone Bowl with Builtin Placemat for Infants  Toddlers Blush,toys & baby products,16.99
581,Stroller Windproof Cover Practical Stroller Rain Cover Linen Gray Windproof DustProof Convenient for Baby Carriage Baby ,toys & baby products,21.32
582,MamyPoko Diaper pants New born Pack of 8,toys & baby products,0.99
583,Hopscotch Girls Cotton Short Set,toys & baby products,13.99
584,Glider Baby Pants Diapers with Wetness Indicator and High Absorbency XLarge 1217 kg 52 Count,toys & baby products,10.3
585,ELEG  STILANCE womens Spft Cotton Face Towels Hankies Pack of 6,toys & baby products,5.99
586,Mother Sparsh Plant Powered Diaper Rash Cream for Babies 50 gm,toys & baby products,3.49
587,VEROX Waterproof IP68 Submersible Aquarium Lights LED 16 Colors Remote Controlled Pool Fish Tank Light 3XAAA Battery Opera,toys & baby products,14.99
588,Mothercare Deluxe Care Set Multicolor,toys & baby products,24.99
589,Luv Lap Silicone Ball Teether Super Soft Silicone Teething Toy Soothing Teether for Babies  Toddlers EasytoHold Soo,toys & baby products,4.69
590,CUTEABLY Baby Banana Infant Toothbrush Silicone Teether Soft Bristles 100 Safe Yellow,toys & baby products,5.99
591,BumEaze  Pack of 80 Baby Wipes  100 Biodegradable  Gentle Care for Baby Skin  The Planet  Dermatologically Tested w,toys & baby products,6.75
592,BeeBaby Round Edge Baby Comb Single Piece  Green,toys & baby products,0.75
593,a baby cherry  Suction Plates for Baby  Toddler  100 Food Grade Plates for Kids  BPA Free  Divided Plates for Self F,toys & baby products,19.99
594,20 Different World Coins Set,toys & baby products,6.0
595,WorldCare Fashion Mummy Maternity Nappy Backpack Large Capacity Multifunction Outdoor Travel Stroller Nursing Bags  Gree,toys & baby products,269.78
596,VENUSIA Dr Reddys Venusia Baby Intensive Moisturizing Lotion for Dry and Ultra Dry Skin Contains Cocoa Aloe Mango  She,toys & baby products,6.01
597,Pigeon Bottle and Nipple Brush Rotary,toys & baby products,3.99
598,Mylo Essentials Cloth Diaper for BabiesOekoTex Certified3Months3Years5kg17kgReusable with Adjustable Snap Button,toys & baby products,20.97
599,Nizomi Garden Toy Beach Toys Set for Kids Mold Castle Toys Indian Made 5 Pcs Sandpit BucketAnimal Mould Beach Shovel S,toys & baby products,4.99
600,Whitewhale Mens Loose Fit Yoga Pant,toys & baby products,9.99
